group,id,title,statement,acceptance,priority,release,source
Nền tảng,BR-GEN-001,Tên sản phẩm,"Tên hiển thị của ứng dụng là 'Email Operations Workspace'. Khu vực thương hiệu trong header chỉ hiển thị logo Altasoftware, không lặp lại tên sản phẩm.","Tên mới xuất hiện ở title, login và shell; header chỉ còn logo, không có chuỗi 'Email Content Sender by Altasoftware'.",P1,MVP,UI + BA
Nền tảng,BR-GEN-002,Phạm vi tenant,Mọi dữ liệu nghiệp vụ phải thuộc một organization/tenant và không được đọc chéo tenant.,Mọi truy vấn và lệnh ghi bắt buộc có organization_id lấy từ token; test chéo tenant trả 404 hoặc 403.,P0,MVP,Backend
Nền tảng,BR-GEN-003,Múi giờ,Tất cả timestamp lưu UTC; thời gian hiển thị và lịch gửi sử dụng timezone IANA của người dùng hoặc chiến dịch.,API trả timestamp ISO-8601 UTC và timezone_name; UI render đúng timezone đã chọn.,P0,MVP,UI + BA
Nền tảng,BR-GEN-004,Trạng thái tương tác,"Control có hover, focus-visible, pressed, disabled và loading; vùng được chọn phải highlight toàn bộ khung.","Keyboard focus nhìn thấy rõ; click vào mọi vùng của control chọn đúng; selected state phủ đủ border, nền và nội dung.",P1,MVP,UI + BA
Nền tảng,BR-GEN-005,Idempotency,Các lệnh có thể tạo tác vụ gửi/import/bulk update phải hỗ trợ Idempotency-Key.,Gửi lại cùng key và payload không tạo bản ghi/job thứ hai; khác payload với cùng key trả 409.,P0,MVP,Backend
Nền tảng,BR-GEN-006,Xóa mềm,"Recipient, list, tag, template và campaign sử dụng soft delete khi đã có tham chiếu lịch sử.",Bản ghi biến mất khỏi danh sách hoạt động nhưng lịch sử và audit vẫn truy xuất được; ID không bị tái sử dụng.,P1,MVP,Backend
Xác thực & phân quyền,BR-AUTH-001,Đăng nhập,"Người dùng đăng nhập bằng email và mật khẩu; thông tin không hợp lệ trả lỗi chung, không tiết lộ tài khoản có tồn tại.",Email/password hợp lệ tạo access và refresh token; lỗi trả 401 với thông báo chung.,P0,MVP,UI + BA
Xác thực & phân quyền,BR-AUTH-002,Phiên đăng nhập,Access token ngắn hạn; refresh token xoay vòng và bị thu hồi khi logout hoặc đổi mật khẩu.,Refresh token cũ không dùng lại được sau rotation; logout làm phiên hiện tại mất hiệu lực.,P0,MVP,Backend
Xác thực & phân quyền,BR-AUTH-003,Vai trò,"Hệ thống có tối thiểu Admin, Operator và Viewer.",Admin quản trị cấu hình; Operator quản lý nội dung và gửi; Viewer chỉ xem lịch sử/báo cáo.,P0,MVP,UI + BA
Xác thực & phân quyền,BR-AUTH-004,Kiểm soát chức năng,"API kiểm quyền phía server, không dựa vào việc ẩn nút trên UI.",Viewer gọi API tạo/sửa/xóa nhận 403; log ghi actor và endpoint.,P0,MVP,Backend
Xác thực & phân quyền,BR-AUTH-005,Khóa tạm,"Sau số lần đăng nhập sai cấu hình được, tài khoản/IP bị rate limit hoặc khóa tạm.",Mặc định 5 lần/15 phút; phản hồi 429 và có Retry-After.,P1,MVP,Backend
Xác thực & phân quyền,BR-AUTH-006,Quên mật khẩu,Link đặt lại mật khẩu dùng một lần và hết hạn.,"Token hết hạn sau 30 phút, dùng lại trả lỗi; thay mật khẩu thu hồi các phiên cũ.",P1,MVP,UI + BA
Người nhận,BR-REC-001,Email duy nhất,Email người nhận là bắt buộc và duy nhất trong một tenant sau khi chuẩn hóa chữ thường và khoảng trắng.,Tạo email trùng trả 409 và trả recipient_id hiện hữu; tenant khác có thể dùng cùng email.,P0,MVP,UI + BA
Người nhận,BR-REC-002,Dữ liệu cơ bản,"Recipient hỗ trợ họ, tên, điện thoại, phòng ban, chức danh, địa điểm và trạng thái nhận email.",API validate độ dài/định dạng; trường không bắt buộc có thể để trống.,P1,MVP,UI + BA
Người nhận,BR-REC-003,Trạng thái nhận email,"Trạng thái gồm active, paused, unsubscribed và bounced; chỉ active đủ điều kiện gửi.",Audience preview phân loại và loại các trạng thái không đủ điều kiện; lý do được hiển thị.,P0,MVP,UI + BA
Người nhận,BR-REC-004,Hủy đăng ký,unsubscribed không thể được bật lại bằng import hoặc bulk update thông thường.,Chỉ Admin qua luồng xác nhận/re-consent mới được chuyển về active; mọi thay đổi có audit.,P0,MVP,UI + BA
Người nhận,BR-REC-005,Nhiều danh sách,"Một recipient có thể thuộc nhiều list; thao tác là 'Quản lý danh sách', không phải chuyển độc quyền.",Thêm vào list B không xóa membership list A; membership trùng không tạo bản ghi mới.,P0,MVP,UI + BA
Người nhận,BR-REC-006,Nhiều tag,Một recipient có thể có nhiều tag; bảng hiển thị tối đa 2 tag và +n.,API trả toàn bộ tag; UI hiển thị đúng +n và popover đầy đủ.,P1,MVP,UI + BA
Người nhận,BR-REC-007,Tìm kiếm,"Tìm theo email, họ tên, phòng ban và giá trị custom field được đánh index.","Kết quả đúng tenant, không phân biệt hoa thường cho email/tên; phân trang ổn định.",P1,MVP,UI + BA
Người nhận,BR-REC-008,Lọc,Bộ lọc list/tag hỗ trợ nhiều giá trị và toán tử match any/match all.,match any trả hợp; match all trả giao; bộ đếm dùng cùng query với dữ liệu.,P1,MVP,UI + BA
Người nhận,BR-REC-009,Thao tác hàng loạt,"Các dòng đã chọn có thanh thao tác gắn tag, quản lý list, cập nhật custom data, xuất và xóa.",Toàn bộ hàng được highlight; job trả số thành công/thất bại và file lỗi.,P1,MVP,UI + BA
Người nhận,BR-REC-010,Xóa có lịch sử,Xóa recipient không được làm mất campaign history.,Campaign recipient snapshot vẫn giữ email/tên/merge data ở thời điểm gửi; PII retention tuân chính sách.,P0,MVP,Backend
Danh sách & Tag,BR-SEG-001,Khác biệt List và Tag,List là tập người nhận được quản lý có chủ đích; Tag là nhãn phân loại dùng linh hoạt.,UI có tab Tất cả/Danh sách/Tag/Import và mô tả rõ ngữ nghĩa.,P1,MVP,UI + BA
Danh sách & Tag,BR-SEG-002,Tên duy nhất,"Tên list và tag không trùng trong cùng loại và tenant sau khi trim, so sánh không phân biệt hoa thường.",Tạo trùng trả 409; đổi tên kiểm tra cùng quy tắc.,P1,MVP,UI + BA
Danh sách & Tag,BR-SEG-003,Màu tag,Tag có màu từ palette chuẩn; màu không ảnh hưởng ngữ nghĩa lọc.,Mã màu được validate; light/dark mode đạt tương phản tối thiểu theo token.,P2,MVP,UI + BA
Danh sách & Tag,BR-SEG-004,Đếm thành viên,"Số thành viên của list/tag phản ánh recipient chưa bị xóa mềm, không đếm membership trùng.",Count được cập nhật cuối cùng nhất quán hoặc eventual consistency dưới 5 giây.,P1,MVP,UI + BA
Danh sách & Tag,BR-SEG-005,Xóa list,"Xóa list chỉ xóa membership, không xóa recipient.",Recipient vẫn tồn tại và giữ tag/list khác; campaign snapshot không đổi.,P0,MVP,UI + BA
Danh sách & Tag,BR-SEG-006,Xóa tag,Xóa tag gỡ tag khỏi recipient nhưng không xóa recipient hoặc custom data.,Tag biến mất khỏi bộ lọc sau khi job hoàn tất; audit ghi số membership bị gỡ.,P1,MVP,UI + BA
Danh sách & Tag,BR-SEG-007,Nguồn dữ liệu thống nhất,"Tag/list trong bảng, filter, form recipient và popup audience dùng chung API/master data.","ID, tên, màu và số lượng nhất quán ở mọi màn hình.",P0,MVP,UI + BA
Danh sách & Tag,BR-SEG-008,Audience theo segment,Chiến dịch có thể chọn nhiều list/tag; hệ thống hợp nhất và khử trùng theo recipient_id.,Một recipient thuộc nhiều nguồn chỉ nhận một message trong campaign.,P0,MVP,UI + BA
Danh sách & Tag,BR-SEG-009,Loại trừ,Audience builder hỗ trợ exclude list/tag/recipient.,Recipient nằm ở include và exclude bị loại; preview nêu lý do excluded.,P1,P1,UI + BA
Danh sách & Tag,BR-SEG-010,Phân trang,"Danh sách list/tag có phân trang, sort và search phía server.",Sort ổn định theo tên/id; page size giới hạn cấu hình.,P2,MVP,UI + BA
Dữ liệu tùy chỉnh,BR-CF-001,Định nghĩa trường,"Custom field có key duy nhất, label, type, required flag, default value và validation.","Key chỉ a-z, 0-9, underscore, bắt đầu bằng chữ; đổi label không đổi key.",P0,MVP,UI + BA
Dữ liệu tùy chỉnh,BR-CF-002,Kiểu dữ liệu,"Hỗ trợ text, number, date, boolean và enum; giá trị được lưu theo kiểu, không chỉ chuỗi.",API từ chối sai kiểu; filter/sort dùng semantics đúng kiểu.,P1,MVP,UI + BA
Dữ liệu tùy chỉnh,BR-CF-003,Trường hệ thống,"Email, first_name, last_name và unsubscribe_url là biến hệ thống, không được tạo custom field trùng key.",Tạo key bị bảo lưu trả 422 với danh sách key hợp lệ.,P0,MVP,UI + BA
Dữ liệu tùy chỉnh,BR-CF-004,Cập nhật hàng loạt,"Bulk update custom data chọn phạm vi theo recipient đã chọn, list, tag hoặc bộ lọc hiện tại.","Trước chạy hiển thị scope, estimated_count, field/value và dry-run validation.",P0,MVP,UI + BA
Dữ liệu tùy chỉnh,BR-CF-005,Không mở rộng phạm vi,Backend phải resolve scope tại lúc xác nhận job và không cập nhật người mới gia nhập segment sau đó.,Job lưu recipient snapshot/selection token; count processed không vượt resolved_count.,P0,MVP,Backend
Dữ liệu tùy chỉnh,BR-CF-006,Kết quả bulk,"Bulk job trả processed, succeeded, failed, skipped và file lỗi theo từng dòng.",UI theo dõi trạng thái queued/running/completed/failed; lỗi không làm mất kết quả thành công.,P1,MVP,UI + BA
Dữ liệu tùy chỉnh,BR-CF-007,Idempotent bulk,Retry cùng job/idempotency key không áp dụng lặp lại ngoài ý muốn.,Mỗi recipient-field chỉ có một kết quả cho cùng job; retry tiếp tục phần chưa hoàn tất.,P0,MVP,Backend
Dữ liệu tùy chỉnh,BR-CF-008,Ảnh hưởng chiến dịch,Bulk update sau khi campaign đã snapshot không tự thay đổi merge data của campaign đã lên lịch.,UI cảnh báo; campaign phải được hủy/refresh audience để lấy dữ liệu mới.,P0,MVP,UI + BA
Dữ liệu tùy chỉnh,BR-CF-009,Audit giá trị,"Thay đổi custom data ghi field key, actor, source job và before/after theo chính sách che PII.",Audit tra được theo recipient/job; secret hoặc nội dung nhạy cảm được mask.,P1,MVP,Backend
Import,BR-IMP-001,Định dạng file,"Import hỗ trợ CSV/XLSX, giới hạn kích thước và số dòng cấu hình.",File sai loại/quá giới hạn bị từ chối trước khi tạo job; mặc định 50 MB/100.000 dòng.,P1,MVP,UI + BA
Import,BR-IMP-002,Mapping,"Người dùng map cột sang trường hệ thống, custom field, list và tag; email bắt buộc.",Không cho tiếp tục nếu email chưa map hoặc hai cột map vào cùng trường đơn trị.,P0,MVP,UI + BA
Import,BR-IMP-003,Preview,Hiển thị preview tối thiểu 20 dòng và lỗi mapping/kiểu dữ liệu trước khi chạy.,Lỗi theo cell có row/column/reason; người dùng có thể quay lại sửa mapping.,P1,MVP,UI + BA
Import,BR-IMP-004,Upsert,"Import cho chọn create only, update existing hoặc create and update; khóa đối sánh là normalized email.",Kết quả phân biệt created/updated/skipped/failed; không tạo duplicate.,P0,MVP,UI + BA
Import,BR-IMP-005,Consent,Import không được chuyển recipient unsubscribed/bounced về active nếu không qua quyền và luồng consent.,Giá trị active trong file bị ignore/failed theo policy; audit ghi lý do.,P0,MVP,UI + BA
Import,BR-IMP-006,Xử lý bất đồng bộ,"Import lớn chạy background, có progress và có thể xem lại lịch sử.",API trả 202 + job_id; tiến độ cập nhật dưới 5 giây; có file kết quả.,P1,MVP,Backend
Import,BR-IMP-007,Tính nguyên tử theo dòng,Lỗi một dòng không rollback các dòng hợp lệ khác.,Job hoàn thành partial_success; tổng count khớp tổng dòng dữ liệu.,P1,MVP,UI + BA
Template & biến,BR-TPL-001,Vòng đời template,"Template có draft, published và archived; campaign chỉ gửi từ version đã publish hoặc snapshot content hợp lệ.",Sửa draft không thay đổi campaign đã dùng version cũ.,P0,MVP,UI + BA
Template & biến,BR-TPL-002,Version,"Mỗi lần publish tạo template_version bất biến gồm subject, HTML, text và variable schema.",Version cũ đọc được; update trực tiếp version trả 409/405.,P0,MVP,Backend
Template & biến,BR-TPL-003,Cú pháp biến,Biến sử dụng cú pháp {{variable_key}}; key phải tồn tại trong schema hệ thống/custom field.,"Parser phát hiện biến không hợp lệ, lặp và cú pháp hỏng trước publish.",P0,MVP,UI + BA
Template & biến,BR-TPL-004,Required và optional,Mỗi biến được đánh required/optional; optional có thể có default.,"Publish lưu schema; render required thiếu trả lỗi, optional thiếu dùng default hoặc rỗng theo cấu hình.",P0,MVP,UI + BA
Template & biến,BR-TPL-005,Preview,Preview cho chọn recipient thật hoặc dữ liệu mẫu và hiển thị subject/HTML/text sau merge.,Preview không tạo send job; dữ liệu thiếu được liệt kê theo variable_key.,P1,MVP,UI + BA
Template & biến,BR-TPL-006,Sanitize HTML,HTML template được sanitize và giới hạn nội dung nguy hiểm; link được validate.,Script/event handler bị loại; URL scheme nguy hiểm bị chặn; kết quả có warning.,P0,MVP,Backend
Template & biến,BR-TPL-007,Text fallback,Template gửi production phải có text part hoặc backend tự sinh text part có thể đọc.,MIME message có HTML và text; không chứa raw HTML trong text part.,P1,MVP,UI + BA
Template & biến,BR-TPL-008,Unsubscribe,Email marketing/bulk bắt buộc có unsubscribe_url và header List-Unsubscribe khi policy yêu cầu.,Validation chặn schedule/send nếu thiếu; transactional campaign có policy riêng.,P0,MVP,UI + BA
Template & biến,BR-TPL-009,Tài nguyên,Ảnh dùng URL HTTPS hoặc asset storage được phép; không nhúng base64 quá giới hạn.,Validator trả warning/error theo kích thước; asset không public trái phép.,P1,MVP,UI + BA
Template & biến,BR-TPL-010,Tên template,"Tên template duy nhất trong tenant sau khi trim, không phân biệt hoa thường.",Tạo/đổi tên trùng trả 409.,P2,MVP,UI + BA
Template & biến,BR-TPL-011,Test email,"Test email chỉ gửi tới địa chỉ xác nhận, có nhãn test và không tính vào campaign statistics.",Audit có actor/recipient; message tagged test; history tách riêng.,P1,MVP,UI + BA
Template & biến,BR-TPL-012,Khả năng tái lập,Campaign snapshot template version và merge schema tại lúc xác nhận gửi/lên lịch.,Thay đổi template sau đó không làm đổi nội dung campaign đã snapshot.,P0,MVP,UI + BA
Soạn & Audience,BR-CMP-001,Campaign draft,"Email soạn dở được lưu draft, có subject, template/version, sender, audience definition và settings.",Autosave không làm mất dữ liệu; optimistic concurrency ngăn ghi đè phiên mới hơn.,P1,MVP,UI + BA
Soạn & Audience,BR-CMP-002,Khử trùng audience,Audience hợp từ list/tag/import/manual được khử trùng theo recipient_id/normalized email.,Preview total_unique đúng; một recipient chỉ có một campaign_recipient.,P0,MVP,UI + BA
Soạn & Audience,BR-CMP-003,Kiểm tra đủ điều kiện,"Trước gửi, backend loại unsubscribed, paused, hard-bounced, deleted và suppressed.",Preview trả actionable/skipped theo reason; skipped không vào sending queue.,P0,MVP,UI + BA
Soạn & Audience,BR-CMP-004,Kiểm tra biến,Backend kiểm required variables trên toàn audience trước send/schedule.,"Trả complete_count, missing_count, breakdown theo variable và sample recipient.",P0,MVP,UI + BA
Soạn & Audience,BR-CMP-005,Xử lý thiếu biến,"Không được âm thầm gửi required variable rỗng. Người dùng chỉ có thể sửa dữ liệu, dùng default hợp lệ hoặc xác nhận loại người thiếu biến.",Mặc định block; exclude tạo snapshot skipped_reason=MISSING_VARIABLE; quyết định được audit.,P0,MVP,UI + BA
Soạn & Audience,BR-CMP-006,Optional variable,Optional variable thiếu dùng default của template; nếu không có default mới render rỗng.,Preview và message thực tế dùng cùng render engine và kết quả.,P1,MVP,UI + BA
Soạn & Audience,BR-CMP-007,Audience snapshot,"Khi xác nhận send/schedule, hệ thống đóng băng danh sách recipient và merge data dùng cho lần gửi đó.",Recipient/list/tag/custom data thay đổi sau snapshot không thay đổi campaign; refresh yêu cầu hủy và tạo snapshot mới.,P0,MVP,UI + BA
Soạn & Audience,BR-CMP-008,Review trước gửi,"Màn review hiển thị sender, subject, audience counts, exclusions, variable issues, thời gian và timezone.",Chỉ enable CTA khi validation P0 pass; user phải xác nhận cảnh báo có thể bỏ qua.,P0,MVP,UI + BA
Soạn & Audience,BR-CMP-009,Giới hạn audience,Campaign vượt quota hoặc giới hạn tenant không được schedule/send.,API trả 422/429 với limit/current/requested và hướng xử lý.,P0,MVP,Backend
Soạn & Audience,BR-CMP-010,Chống gửi trùng,Double-click hoặc retry network không tạo hai campaign execution.,Idempotency key trả cùng campaign/job; UI CTA loading và disabled.,P0,MVP,UI + BA
Soạn & Audience,BR-CMP-011,Chỉnh sửa sau gửi,Campaign đã sending/completed không chỉnh nội dung/audience; có thể duplicate thành draft mới.,PUT trả 409; duplicate tạo ID mới và không sao chép progress.,P1,MVP,UI + BA
Soạn & Audience,BR-CMP-012,Tên campaign,"Campaign có tên nội bộ bắt buộc, không gửi tới người nhận.",Tên xuất hiện trong history/audit; không được chèn tự động vào subject/body.,P2,MVP,UI + BA
Hẹn giờ,BR-SCH-001,Thời gian hợp lệ,"scheduled_at phải ở tương lai ít nhất 2 phút và không quá 12 tháng, các ngưỡng là cấu hình.",Ngoài khoảng trả 422 với min/max timestamp.,P0,MVP,UI + BA
Hẹn giờ,BR-SCH-002,Timezone IANA,Người dùng chọn timezone IANA; backend lưu scheduled_at UTC và timezone_name gốc.,Round-trip hiển thị đúng local time kể cả DST.,P0,MVP,UI + BA
Hẹn giờ,BR-SCH-003,DST không tồn tại,Giờ local không tồn tại do DST bị từ chối; giờ lặp phải yêu cầu chọn offset.,API trả lỗi có candidate offsets; không tự đoán.,P1,MVP,Backend
Hẹn giờ,BR-SCH-004,Validation trước schedule,"Schedule chỉ thành công khi sender, template, audience, consent, variable và quota validation pass.",API trả validation_report; không tạo scheduled job nếu có blocking error.,P0,MVP,UI + BA
Hẹn giờ,BR-SCH-005,Khóa chỉnh sửa,Campaign scheduled được chỉnh/hủy trước lock window 2 phút; chỉnh sửa tạo lại snapshot và validation.,Trong lock window update trả 409; cancel trước lock chuyển cancelled.,P0,MVP,UI + BA
Hẹn giờ,BR-SCH-006,Thực thi một lần,Scheduler dùng distributed lock/idempotency để enqueue campaign đúng một lần.,Nhiều scheduler replica không tạo duplicate sending job.,P0,MVP,Backend
Hẹn giờ,BR-SCH-007,Trễ lịch,"Nếu worker trễ, campaign vẫn chạy và ghi actual_started_at/delay_seconds; vượt threshold thì cảnh báo.",History hiển thị thời gian dự kiến và thực tế; alert khi delay > 60 giây.,P1,MVP,UI + BA
Hẹn giờ,BR-SCH-008,Hủy lịch,Hủy campaign chưa bắt đầu không gửi message nào và giải phóng quota reservation nếu có.,"Status cancelled, pending recipients=0 queued; audit ghi actor/reason.",P0,MVP,UI + BA
Hẹn giờ,BR-SCH-009,Thay đổi cấu hình sender,"Sender account bị disable trước giờ chạy làm campaign blocked, không tự chuyển sender khác.",Campaign status blocked; owner nhận cảnh báo và có thể chọn sender mới rồi revalidate.,P0,MVP,UI + BA
Hẹn giờ,BR-SCH-010,Thông báo,"Tạo, sửa, hủy và lỗi schedule tạo notification cho owner theo cấu hình.","Notification chứa campaign, time/timezone, trạng thái và link; không lộ secret.",P2,P1,UI + BA
Gửi & tiến độ,BR-SEND-001,State machine,"Campaign execution đi qua queued, validating, sending, paused, completed, partial_failed, failed hoặc cancelled.",Transition ngoài state machine trả 409; mọi transition có timestamp và actor/system reason.,P0,MVP,UI + BA
Gửi & tiến độ,BR-SEND-002,Message state,"Mỗi campaign recipient có pending, queued, submitted, delivered, bounced, failed, skipped hoặc cancelled.",Counts theo trạng thái cộng lại bằng total_snapshot; không đếm trùng event.,P0,MVP,UI + BA
Gửi & tiến độ,BR-SEND-003,Công thức tiến độ,Progress gửi = số recipient ở terminal send state / số actionable recipient; delivered được hiển thị riêng khỏi sent/submitted.,"0..100%, không giảm; completed chỉ khi mọi actionable terminal.",P0,MVP,UI + BA
Gửi & tiến độ,BR-SEND-004,Realtime,"History detail cập nhật progress gần thời gian thực qua SSE/WebSocket, có polling fallback.",Độ trễ UI p95 dưới 5 giây; mất kết nối tự reconnect từ last_event_id.,P1,MVP,UI + BA
Gửi & tiến độ,BR-SEND-005,ETA,ETA tính từ rolling throughput của các message gần nhất; chưa đủ dữ liệu hiển thị đang ước tính.,ETA không âm; biến mất khi complete; không dùng failed/skipped để thổi phồng throughput.,P1,MVP,UI + BA
Gửi & tiến độ,BR-SEND-006,Retry,Lỗi tạm thời retry exponential backoff có jitter; lỗi vĩnh viễn không retry.,Tối đa 5 lần mặc định; mỗi attempt có provider response và next_retry_at.,P0,MVP,Backend
Gửi & tiến độ,BR-SEND-007,Rate limit,Worker tuân rate limit tenant/sender/provider và quota ngày.,Không vượt cấu hình; message chờ không bị mất; 429 provider được retry theo Retry-After.,P0,MVP,Backend
Gửi & tiến độ,BR-SEND-008,Provider webhook,"Webhook delivered/bounced/complaint được xác thực chữ ký, idempotent và map về message.",Webhook trùng không tăng count; chữ ký sai trả 401/400 và không ghi state.,P0,MVP,Backend
Gửi & tiến độ,BR-SEND-009,Pause/Resume,"Operator có thể pause campaign đang sending; message đã submitted không thu hồi, message chưa queued dừng lại.","Pause đạt hiệu lực trong 10 giây; resume tiếp tục phần còn lại, không gửi trùng.",P1,P1,UI + BA
Gửi & tiến độ,BR-SEND-010,Cancel khi đang gửi,Cancel dừng phần chưa gửi và đánh cancelled; message đã submitted tiếp tục nhận delivery event.,Counts cuối cùng phân biệt sent và cancelled; cảnh báo không thể thu hồi email đã gửi.,P1,MVP,UI + BA
Gửi & tiến độ,BR-SEND-011,Suppression cập nhật,Hard bounce/complaint cập nhật recipient suppression để các campaign sau không gửi.,Event tạo suppression atomically; campaign hiện tại không retry lỗi vĩnh viễn.,P0,MVP,UI + BA
Gửi & tiến độ,BR-SEND-012,Render deterministic,"Message render từ snapshot template và merge data, không đọc dữ liệu recipient live trong worker.",Retry cùng recipient tạo nội dung logic giống nhau; content_hash được lưu.,P0,MVP,Backend
Gửi & tiến độ,BR-SEND-013,Observability,"Mỗi campaign/job/message có correlation_id; log, metric và trace không chứa secret hoặc body đầy đủ.","Có dashboard queue lag, throughput, error rate, webhook lag; tìm log theo campaign_id.",P1,MVP,Backend
Lịch sử,BR-HIS-001,Danh sách lịch sử,"History hiển thị campaign name, subject, sender, created/scheduled/started/completed, status và progress.",Sort mặc định mới nhất; filter theo status/date/sender/creator; server pagination.,P1,MVP,UI + BA
Lịch sử,BR-HIS-002,Chi tiết tiến độ,"Chi tiết hiển thị tổng, chờ, đang xử lý, submitted/sent, delivered, failed, bounced, skipped, ETA.",Counts cùng nguồn backend và cập nhật realtime; tooltip giải thích sent khác delivered.,P0,MVP,UI + BA
Lịch sử,BR-HIS-003,Drill-down,Người dùng có thể lọc recipient theo message status và tải danh sách lỗi theo quyền.,Export chạy background nếu lớn; dữ liệu PII theo RBAC.,P1,MVP,UI + BA
Lịch sử,BR-HIS-004,Scheduled row,Campaign đã lên lịch xuất hiện trong history với scheduled time/timezone và action sửa/hủy khi được phép.,Không hiển thị progress gửi trước khi bắt đầu; countdown dùng server time.,P1,MVP,UI + BA
Lịch sử,BR-HIS-005,Partial failure,"Campaign có cả thành công và lỗi kết thúc partial_failed, không gộp thành failed toàn bộ.",Summary và export nêu rõ counts/reasons; retry tạo execution mới có liên kết parent.,P0,MVP,UI + BA
Lịch sử,BR-HIS-006,Retention,"Campaign summary giữ tối thiểu 24 tháng; message event chi tiết theo chính sách tenant, mặc định 12 tháng.",Job purge có audit và không phá aggregate report; chính sách cấu hình được.,P2,P1,Backend
Lịch sử,BR-HIS-007,Export,Export history/audience không bao gồm secret và tôn trọng field-level permission.,Viewer không được export nếu thiếu quyền; file có expiry và audit download.,P1,MVP,UI + BA
Lịch sử,BR-HIS-008,Tính nhất quán,Progress summary được reconcile định kỳ từ message state để sửa sai lệch counter/event.,Reconciliation idempotent; chênh lệch được metric/audit và UI tự cập nhật.,P1,MVP,Backend
Cấu hình gửi,BR-CFG-001,Sender account,"Admin cấu hình sender identity/account; secret được lưu trong secret manager, không trả lại qua API.",GET chỉ trả masked metadata; log/audit không chứa credential.,P0,MVP,UI + BA
Cấu hình gửi,BR-CFG-002,Verify sender,Sender phải verified và active trước khi dùng.,Campaign validation chặn sender pending/failed/disabled.,P0,MVP,UI + BA
Cấu hình gửi,BR-CFG-003,Test connection,Admin có thể test connection mà không lưu secret lỗi; kết quả trả mã lỗi an toàn.,Timeout hữu hạn; không echo password/token; audit có outcome.,P1,MVP,UI + BA
Cấu hình gửi,BR-CFG-004,From/Reply-To,From address phải thuộc sender identity đã verify; Reply-To được validate và có thể khác.,Địa chỉ giả mạo bị từ chối; message headers đúng cấu hình.,P0,MVP,UI + BA
Cấu hình gửi,BR-CFG-005,Provider adapter,Backend dùng interface provider chung để đổi SMTP/API provider mà không đổi campaign domain.,"Adapter chuẩn hóa send result, error classification và webhook event.",P1,MVP,Backend
Cấu hình gửi,BR-CFG-006,Quota,Mỗi sender/tenant có quota và rate limit cấu hình; quota được kiểm khi review và thực thi.,Không oversubscribe khi nhiều campaign song song; reservation được release khi cancel.,P0,MVP,Backend
Cấu hình gửi,BR-CFG-007,Disable sender,Disable sender không xóa lịch sử; campaign scheduled liên quan chuyển blocked.,History vẫn hiển thị sender snapshot; notification gửi owner.,P1,MVP,UI + BA
Bảo mật & vận hành,BR-SEC-001,Mã hóa,"Traffic dùng TLS; database, object storage, backup và secret được mã hóa at rest.",Security scan xác nhận không có plaintext secret; TLS policy đạt chuẩn tổ chức.,P0,MVP,Backend
Bảo mật & vận hành,BR-SEC-002,Audit,"Ghi immutable audit cho login, config, recipient bulk/import, template publish, send/schedule/pause/cancel/export.","Audit có actor, tenant, action, target, timestamp, correlation_id và diff đã mask.",P0,MVP,Backend
Bảo mật & vận hành,BR-SEC-003,PII,"PII chỉ hiện theo quyền; log, metric và error payload không chứa recipient list/body email đầy đủ.",DLP/log scan không phát hiện secret hoặc body; export có expiry.,P0,MVP,Backend
Bảo mật & vận hành,BR-SEC-004,Backup/DR,"PostgreSQL backup PITR; mục tiêu đề xuất RPO 15 phút, RTO 4 giờ.",Diễn tập restore định kỳ đạt mục tiêu hoặc có biên bản chênh lệch.,P1,P1,Backend
Bảo mật & vận hành,BR-SEC-005,Availability,"API nghiệp vụ mục tiêu 99,9% tháng; gửi bất đồng bộ chịu được restart worker.",Job không mất/không trùng sau restart; SLO dashboard và alert tồn tại.,P1,MVP,Backend
Bảo mật & vận hành,BR-SEC-006,Hiệu năng,"Đề xuất MVP: 100.000 recipient/campaign, 100 message/giây/tenant có thể cấu hình; list API p95 dưới 500 ms.","Load test với dữ liệu mục tiêu đạt ngưỡng, không vi phạm rate limit/provider quota.",P1,MVP,Backend
Bảo mật & vận hành,BR-SEC-007,Event delivery,Internal event và webhook dùng at-least-once; consumer phải idempotent và có dead-letter queue.,"Replay event không đổi count sai; DLQ có alert, inspect và replay có kiểm soát.",P0,MVP,Backend
Bảo mật & vận hành,BR-SEC-008,API versioning,Public/internal REST API có prefix /api/v1 và quy tắc backward compatibility.,Breaking change tạo version mới; OpenAPI và error schema được publish cùng release.,P2,MVP,Backend
