id,domain,title,missing,recommendation,priority,release,owner,tests,status
GAP-NOT-001,Notification,Notification center,"No durable inbox, unread badge or history contract.",Add notification and user_notification entities plus list/unread/read APIs.,P0,MVP,Product+BE+FE,"Create/read/mark-all, pagination, multi-device sync, tenant isolation",Open
GAP-NOT-002,Notification,Trigger ownership,Schedule rule says notify but does not define who is notified.,"Map every trigger to owner, watchers, Admin/Operator roles and opt-out policy.",P0,MVP,Product,"Owner changed, role removed, multiple watchers, no eligible recipient",Open
GAP-NOT-003,Notification,Deduplication,Duplicate domain/provider events can create duplicate alerts.,Unique source_event_id + user_id; group noisy repeated events.,P0,MVP,BE,Duplicate/out-of-order webhook and retry,Open
GAP-NOT-004,Notification,Preferences,No event-category/channel preference model.,Define mandatory vs optional categories and per-user preferences.,P1,MVP,Product+BE,"Muted optional, mandatory critical, default preference migration",Open
GAP-NOT-005,Notification,Action lifecycle,Read state cannot represent resolved/expired action.,Separate unread from open/resolved/expired and define action deadlines.,P1,P1,Product+BE,"Read but unresolved, auto-resolve after campaign recovery",Open
GAP-NOT-006,Notification,Localization,Rendered message text would be hard to re-localize.,Persist message_key and parameters; render safely in UI.,P2,P1,FE+BE,"Locale switch, missing translation, unsafe parameter",Open
GAP-RT-001,Realtime,Event envelope,No common schema/version/cursor is defined.,"Define event_id, type, schema_version, occurred_at, channel, resource, payload and sequence.",P0,MVP,Architect+BE,"Schema validation, unknown version, duplicate event",Open
GAP-RT-002,Realtime,Reconnect and gap recovery,No behavior after connection loss.,Client resumes by cursor; server can emit resync_required; REST refetch remains authoritative.,P0,MVP,FE+BE,"Offline 30s/30m, expired cursor, multi-tab",Open
GAP-RT-003,Realtime,Socket authorization,Channel membership and tenant isolation are not specified.,Authenticate handshake and authorize every room join; evict on role/session changes.,P0,MVP,Security+BE,"Cross-tenant room, expired session, revoked role",Open
GAP-RT-004,Realtime,Event volume policy,Per-recipient progress could overload gateway and UI.,Publish aggregate progress <=1/s or per 250 recipients; details remain queryable.,P0,MVP,BE+SRE,100k campaign event rate and browser CPU,Open
GAP-RT-005,Realtime,Horizontal scaling,Single-instance websocket behavior is insufficient.,Use Socket.IO Redis adapter and sticky-session/load-balancer validation where required.,P1,MVP,Platform,"Two gateway replicas, reconnect during rolling deploy",Open
GAP-RT-006,Realtime,Backpressure,Slow/disconnected clients are undefined.,"Bound buffers, drop superseded progress events and force resync rather than unbounded queueing.",P1,MVP,BE,"Slow client, burst, memory ceiling",Open
GAP-ORG-001,Organization & users,User administration,Only three roles are named; invite/disable/remove flows are absent.,"Add invite, accept, resend, expire, disable, remove and session revocation rules.",P0,MVP,Product+BE,"Invite lifecycle, disabled user, last admin",Open
GAP-ORG-002,Organization & users,Custom permissions,Fixed roles may not cover sender/template/audience separation.,Define permission matrix now; keep custom roles as P1 if not MVP.,P1,MVP,Product+Security,Endpoint/action matrix for each role,Open
GAP-ORG-003,Organization & users,Ownership,Campaign/template/list ownership and reassignment are absent.,Store owner_id and define reassignment when user is disabled.,P1,MVP,Product+BE,Disable owner with drafts/schedules,Open
GAP-ORG-004,Organization & users,Tenant bootstrap,Creation/default settings/first admin are undefined.,"Define organization provisioning, default timezone, retention and quotas.",P1,MVP,BE+Platform,"Provision rollback, duplicate org slug",Open
GAP-ORG-005,Organization & users,Session inventory,User cannot see/revoke active sessions.,Add device/session list and revoke-all-except-current.,P2,P1,Security+BE,Revoke current/other sessions,Open
GAP-ORG-006,Organization & users,MFA/SSO roadmap,Enterprise authentication requirements are not decided.,Record MFA as P1 and OIDC/SAML as future ADR; do not bake local auth assumptions into domain.,P1,P1,Security+Architect,"MFA recovery, SSO role mapping",Open
GAP-COL-001,Collaboration & approval,Approval workflow,An Operator can potentially schedule large campaigns without approval.,Optional approval policy by audience size/sender; states draft/in_review/approved/rejected.,P1,P1,Product,"Self-approval forbidden, approval invalidated by edit",Open
GAP-COL-002,Collaboration & approval,Optimistic concurrency UI,Draft concurrency rule lacks conflict resolution UX.,"Use version/ETag, show conflict diff and preserve local changes.",P1,MVP,FE+BE,Two tabs edit same draft,Open
GAP-COL-003,Collaboration & approval,Comments/mentions,No review discussion attached to campaign/template.,Add comments/mentions only if approval is enabled; mentions create notifications.,P2,P2,Product,Mention permission and deleted user,Open
GAP-COL-004,Collaboration & approval,Change summary,Reviewer cannot see what changed since approval request.,Store draft revision metadata and render field-level summary.,P2,P1,BE+FE,Template/audience/schedule changed,Open
GAP-CMP-001,Campaign lifecycle,Clone campaign,No reusable copy flow for a past campaign.,Clone content/settings into new draft without copying historical snapshot or stats.,P1,MVP,Product+BE,Clone completed/scheduled campaign,Open
GAP-CMP-002,Campaign lifecycle,Archive/delete draft,Lifecycle after abandonment is unclear.,Allow archive/soft-delete draft; sent campaigns remain immutable.,P1,MVP,Product+BE,Archive scheduled/sending blocked,Open
GAP-CMP-003,Campaign lifecycle,Resend strategy,Resend to failed/non-openers is undefined and can duplicate recipients.,Create a new child campaign with explicit audience derivation and suppression checks.,P1,P1,Product+BE,"Resend failed only, unsubscribed since original",Open
GAP-CMP-004,Campaign lifecycle,Preflight checklist,Review lacks sender/domain/quota/link/content checks.,Create server-side preflight result with blocking errors and warnings.,P0,MVP,BE+Product,"Expired sender, quota, broken URL, missing text",Open
GAP-CMP-005,Campaign lifecycle,Test-send safety,Test email destination policy is only partially defined.,Restrict domains/allowlist as configured; watermark and exclude from analytics.,P1,MVP,Security+BE,"Unauthorized destination, provider failure",Open
GAP-CMP-006,Campaign lifecycle,Cancellation semantics,Cancel does not define in-flight provider submissions.,Stop enqueueing new messages; mark already accepted messages as non-recallable; show cutoff counts.,P0,MVP,BE+Product,Cancel during burst and reconciliation,Open
GAP-CMP-007,Campaign lifecycle,Pause reason,Pause/resume has no reason/authorization/audit contract.,Require reason for manual pause and record automatic pause threshold.,P1,MVP,BE+FE,"Auto pause, manual resume without permission",Open
GAP-CMP-008,Campaign lifecycle,Priority/fairness,Multiple tenants/campaigns can starve the queue.,"Define per-tenant concurrency, campaign priority and fair scheduling.",P0,MVP,Architect+SRE,Two tenants with 100k vs 100 recipients,Open
GAP-AUD-001,Audience & variables,Audience estimate expiry,Preview may become stale before confirmation.,"Attach audience_hash, generated_at and expiry; revalidate on confirm.",P0,MVP,BE,Segment changes between preview and confirm,Open
GAP-AUD-002,Audience & variables,Large missing-data repair,Bulk custom-data update exists but no campaign-linked repair workflow.,"From missing-variable report, launch scoped bulk update and rerun validation.",P0,MVP,Product+FE+BE,"Repair 10k recipients, partial errors",Open
GAP-AUD-003,Audience & variables,Default-value governance,Defaults can hide poor data quality.,Show how many recipients use default; allow policy threshold/block.,P1,P1,Product,0/10/100 percent default usage,Open
GAP-AUD-004,Audience & variables,Variable formatting,Date/number/enum formatting per locale is not defined.,"Add safe formatter metadata to schema, not arbitrary template code.",P1,P1,BE+Product,Timezone/date/decimal locales,Open
GAP-AUD-005,Audience & variables,Custom-field schema evolution,Deleting/renaming a field used by template can break future sends.,Dependency check and deprecation state; block delete while referenced.,P0,MVP,BE,Delete referenced field and archived template,Open
GAP-AUD-006,Audience & variables,Selection token TTL,Bulk scope snapshot token lifetime is not specified.,"Signed selection token with tenant/user/query hash, TTL and one-time confirmation semantics.",P0,MVP,Security+BE,Expired/tampered token,Open
GAP-IMP-001,Import/export,Encoding/delimiter,"CSV encoding, BOM and delimiter detection are absent.","Support UTF-8/BOM, configurable delimiter and explicit error for unsupported encoding.",P1,MVP,BE,"Vietnamese Unicode, semicolon CSV",Open
GAP-IMP-002,Import/export,Formula/zip bomb safety,XLSX parser security limits are not defined.,"Limit uncompressed size, sheets, cells and formulas; never execute formulas/macros.",P0,MVP,Security+BE,"Zip bomb, macro file, external link",Open
GAP-IMP-003,Import/export,Dry-run persistence,Mapping/preview cannot be reused or audited.,"Persist import draft, mapping and file fingerprint until expiration.",P1,P1,BE,"Resume draft, file changed",Open
GAP-IMP-004,Import/export,Export privacy,Exports lack role/field masking/expiry rules.,"Authorize fields, audit download, signed short-lived URL and retention deletion.",P0,MVP,Security+BE,"Viewer export, expired link, deleted job",Open
GAP-TPL-001,Template/editor,Editor decision,No supported visual editor and canonical storage format are selected.,Spike GrapesJS; store canonical sanitized HTML/text plus optional editor JSON.,P1,MVP,Architect+FE,"Round-trip, responsive output, undo/redo",Open
GAP-TPL-002,Template/editor,Content lint,"No broken link/image, size or accessibility checks.",Add preflight lint with severity and actionable locations.,P1,MVP,BE+FE,"Bad URL, missing alt, oversized HTML",Open
GAP-TPL-003,Template/editor,Asset lifecycle,Replacing/deleting images used by published versions is undefined.,Immutable asset versions or reference-aware deletion; signed upload and malware scan.,P0,MVP,BE+Security,"Delete referenced asset, malicious SVG",Open
GAP-TPL-004,Template/editor,Undo/version compare,Template version exists but visual diff/restore is absent.,Compare metadata/content and clone an old version into a new draft.,P2,P1,FE+BE,Restore does not mutate old version,Open
GAP-SND-001,Sender & deliverability,Domain authentication,Only sender verification is defined; SPF/DKIM/DMARC status is absent.,Model sending domain and verification checks; surface stale/missing records.,P0,MVP,Product+BE,"DNS pending, DKIM rotated, DMARC warning",Open
GAP-SND-002,Sender & deliverability,Bounce classification,Bounced is a single state without hard/soft policy.,Normalize hard/soft/complaint; thresholds and suppression updates differ.,P0,MVP,BE,"Soft retry exhaustion, hard bounce immediate suppression",Open
GAP-SND-003,Sender & deliverability,Complaint handling,Spam complaint flow is absent.,"Verify provider event, suppress immediately and notify responsible users.",P0,MVP,BE+Product,"Duplicate complaint, cross-campaign",Open
GAP-SND-004,Sender & deliverability,Provider failover,Adapter exists but failover policy is undefined.,Do not automatic-failover in MVP unless idempotent provider IDs are proven; define manual switch runbook.,P1,MVP,Architect+SRE,Timeout after provider acceptance,Open
GAP-SND-005,Sender & deliverability,Credential rotation,Secret rotation and expiry warnings are not defined.,"Version secret references, test before activate, revoke old after grace period.",P0,MVP,Security+SRE,Rotation rollback,Open
GAP-SND-006,Sender & deliverability,Suppression reasons,Suppression source/expiry/manual override are incomplete.,"Canonical suppression table with reason, source, effective_at, optional expiry and audit.",P0,MVP,BE,Global vs tenant suppression,Open
GAP-SND-007,Sender & deliverability,Link tracking policy,Open/click tracking and privacy implications are undefined.,Explicit tenant/campaign policy; signed redirect; bot filtering; allow disable.,P1,P1,Product+Security,"Tracking off, bot click, unsafe redirect",Open
GAP-SND-008,Sender & deliverability,Unsubscribe endpoint,"URL exists but token, landing page and race behavior are not defined.","Signed opaque token, idempotent action, immediate suppression and preference confirmation page.",P0,MVP,BE+FE,"Expired/tampered/repeated click, send concurrently",Open
GAP-SCH-001,Scheduling,Edit/reschedule boundary,Lock timing around due execution is not explicit.,Define minimum lead and atomic compare-and-swap between reschedule/cancel/dispatch.,P0,MVP,BE,Cancel at due time across replicas,Open
GAP-SCH-002,Scheduling,Maintenance delay,Planned downtime behavior is absent.,"Define grace window, delayed notification and operator runbook.",P1,MVP,SRE+Product,Downtime spans scheduled time,Open
GAP-SCH-003,Scheduling,Recurring campaigns,Not explicitly in or out of scope.,Mark out of MVP; future design must create immutable child campaigns per occurrence.,P2,P2,Product,DST recurrence and skipped occurrence,Open
GAP-HIS-001,History & analytics,Metric definitions,Sent/delivered/open/click/bounce denominators are not standardized.,Publish metric dictionary including late webhooks and bot filtering.,P0,MVP,BA+Data,Counts reconcile across list/detail/export,Open
GAP-HIS-002,History & analytics,Eventual correction,Late delivery events can change completed campaign totals without UX rules.,Show last_updated and provisional/final status; recompute idempotently.,P1,MVP,BE+FE,Webhook days later,Open
GAP-HIS-003,History & analytics,Per-recipient privacy,Drill-down access/masking/export is not role-specific.,Field-level permission and masked email for Viewer where required.,P0,MVP,Security+Product,Viewer vs Operator detail,Open
GAP-HIS-004,History & analytics,Comparison,No campaign comparison or trend baseline.,Defer comparison to P1; define same metric dictionary first.,P2,P1,Product+Data,Compare different audience sizes,Open
GAP-HIS-005,History & analytics,Provider reconciliation,Counts can diverge without scheduled reconciliation workflow.,Periodic job compares canonical messages/provider events and raises issue.,P0,MVP,BE+SRE,Missing/duplicate/out-of-order webhook,Open
GAP-SEC-001,Security & governance,Audit retention/access,"Audit exists but retention, export and privileged access are not defined.","Immutable append model, retention policy and dedicated audit permission.",P0,MVP,Security,"Tamper attempt, actor deleted",Open
GAP-SEC-002,Security & governance,Data-subject request,Recipient export/delete workflow for privacy request is absent.,"Search identity, export, redact/delete subject to legal retention and record fulfillment.",P1,P1,Legal+BE,Recipient in immutable send history,Open
GAP-SEC-003,Security & governance,Secret handling,Provider secret storage and redaction details are incomplete.,Secret manager references only; never return secret; log/trace redaction tests.,P0,MVP,Security+SRE,Secret in exception/config dump,Open
GAP-SEC-004,Security & governance,CSRF/CORS/CSP,Browser security headers/policies are not specified.,"SameSite cookies, CSRF protection where needed, strict CORS and CSP compatible with editor assets.",P0,MVP,Security+FE+BE,"Cross-origin mutation, XSS payload",Open
GAP-SEC-005,Security & governance,Rate-limit dimensions,Only login and provider limits are described.,"Per-IP/user/tenant limits for auth, preview, export, socket connect and expensive filters.",P0,MVP,Security+SRE,Distributed abuse and Retry-After,Open
GAP-SEC-006,Security & governance,Dependency governance,No SBOM/license/vulnerability policy.,"Lockfile, Renovate, SBOM, SCA and high-severity release gate.",P1,MVP,Platform+Security,Vulnerable transitive dependency,Open
GAP-OPS-001,Operations,Admin job console,Operators cannot inspect/retry failed background jobs safely.,Read-only queue/job view plus permissioned retry/cancel using domain commands.,P1,MVP,SRE+BE,Retry completed/idempotent job,Open
GAP-OPS-002,Operations,Dead-letter workflow,DLQ is tested but ownership and replay approval are absent.,"Alert, triage reason, safe replay tool and audit trail.",P0,MVP,SRE,Poison payload repeatedly fails,Open
GAP-OPS-003,Operations,Feature flags,Risky capabilities lack staged rollout/kill switch.,"Server-evaluated flags for send, schedule, editor and provider; audit changes.",P1,MVP,Platform,Disable send during incident,Open
GAP-OPS-004,Operations,Health/readiness,Availability rule lacks dependency-specific health behavior.,Liveness independent; readiness checks DB/Redis and worker queue lag thresholds.,P0,MVP,SRE,"Redis down, DB slow, rolling deploy",Open
GAP-OPS-005,Operations,Capacity limits,"File, audience and campaign limits are scattered/default-only.",Central tenant plan/limit service and clear 409/422 errors with upgrade/contact path.,P1,MVP,Product+BE,Concurrent limit changes,Open
GAP-UX-001,UX resilience,Offline/stale indicator,Realtime connection state is invisible.,Show live/reconnecting/stale state and last update; allow manual refresh.,P1,MVP,FE,Offline/reconnect and hidden tab,Open
GAP-UX-002,UX resilience,Long-job navigation,Leaving the page can hide import/bulk/send outcomes.,Persist job links in notification center and global activity panel.,P1,MVP,FE+BE,Reload/close tab during job,Open
GAP-UX-003,UX resilience,Error taxonomy,UI cannot consistently distinguish validation/conflict/permission/retryable failures.,"Adopt standard problem-details schema with code, field errors, correlation_id and retryability.",P0,MVP,Architect+FE+BE,400/401/403/404/409/422/429/5xx,Open
GAP-UX-004,UX resilience,Accessibility of live updates,Progress/toast changes may not be announced correctly.,"Use appropriate aria-live politeness, prevent focus theft and provide text progress.",P1,MVP,FE+QA,Screen reader during rapid progress,Open
